﻿<?xml version="1.0" encoding="utf-8"?>
<manifest identifier="_6M7eoHW9JWo_course_id" version="1.0" xmlns="http://www.imsproject.org/xsd/imscp_rootv1p1p2" xmlns:adlcp="http://www.adlnet.org/xsd/adlcp_rootv1p2" xmlns:xsi="http://www.w3.org/2001/XMLSchema-instance" xsi:schemaLocation="http://www.imsproject.org/xsd/imscp_rootv1p1p2 imscp_rootv1p1p2.xsd http://www.imsglobal.org/xsd/imsmd_rootv1p2p1 imsmd_rootv1p2p1.xsd http://www.adlnet.org/xsd/adlcp_rootv1p2 adlcp_rootv1p2.xsd">
  <metadata>
    <schema>ADL SCORM</schema>
    <schemaversion>1.2</schemaversion>
    <lom xmlns="http://www.imsglobal.org/xsd/imsmd_rootv1p2p1" xmlns:xsi="http://www.w3.org/2001/XMLSchema-instance" xsi:schemaLocation="http://www.imsglobal.org/xsd/imsmd_rootv1p2p1 imsmd_rootv1p2p1.xsd">
      <general>
        <title>
          <langstring xml:lang="x-none">For Piano Class</langstring>
        </title>
      </general>
      <lifecycle>
        <version>
          <langstring xml:lang="x-none">1</langstring>
        </version>
        <status>
          <source>
            <langstring xml:lang="x-none">LOMv1.0</langstring>
          </source>
          <value>
            <langstring xml:lang="x-none">Final</langstring>
          </value>
        </status>
      </lifecycle>
      <metametadata>
        <metadatascheme>ADL SCORM 1.2</metadatascheme>
      </metametadata>
      <educational>
        <typicallearningtime>
          <datetime>PT0H0M0S</datetime>
        </typicallearningtime>
      </educational>
      <rights>
        <cost>
          <source>
            <langstring xml:lang="x-none">LOMv1.0</langstring>
          </source>
          <value>
            <langstring xml:lang="x-none">yes</langstring>
          </value>
        </cost>
        <copyrightandotherrestrictions>
          <source>
            <langstring xml:lang="x-none">LOMv1.0</langstring>
          </source>
          <value>
            <langstring xml:lang="x-none">yes</langstring>
          </value>
        </copyrightandotherrestrictions>
      </rights>
    </lom>
  </metadata>
  <organizations default="For_Piano_Class_ORG">
    <organization identifier="For_Piano_Class_ORG">
      <title>For Piano Class</title>
      <item identifier="comic_template_SCO" isvisible="true" identifierref="__6M7eoHW9JWo_course_id_RES">
        <title>For Piano Class</title>
      </item>
    </organization>
  </organizations>
  <resources>
    <resource identifier="__6M7eoHW9JWo_course_id_RES" type="webcontent" href="launcher.html" adlcp:scormtype="sco">
      <file href="story_content/thumbnail.jpg" />
      <file href="mobile/6Ftaz5A4Ig6_80_P_0_0_946_1714_DX636_DY636_CX209_CY379.png" />
      <file href="mobile/6VKn7vTgLQB_80_P_0_0_1184_1714_DX636_DY636_CX262_CY379.png" />
      <file href="mobile/5ZGLFcErPca_80_P_0_0_1394_1714_DX636_DY636_CX270_CY332.png" />
      <file href="mobile/6OYZ23NyY6p_80_P_0_0_808_1714_DX636_DY636_CX180_CY381.png" />
      <file href="mobile/69YjGKBPtqN_X_80_P_0_0_1098_1709_DX636_DY636_CX245_CY381.png" />
      <file href="mobile/6NBScE5uyRq_X_80_P_0_0_1992_1709_DX636_DY636_CX442_CY379.png" />
      <file href="mobile/5kITXvov6Iv_X_80_P_0_0_937_1709_DX636_DY636_CX209_CY381.png" />
      <file href="mobile/5ju3BflbpcN_X_80_P_0_0_1012_1709_DX636_DY636_CX226_CY381.png" />
      <file href="mobile/6oMLdJNREl8_80_P_0_0_808_1714_DX636_DY636_CX180_CY381.png" />
      <file href="mobile/5zT4yoE9FB2_80_P_0_0_1184_1714_DX636_DY636_CX262_CY379.png" />
      <file href="mobile/5UojrIdfyk0_80_P_0_0_1372_1714_DX636_DY636_CX304_CY380.png" />
      <file href="mobile/6I4hERBDh3k_80_P_0_0_808_1714_DX636_DY636_CX180_CY381.png" />
      <file href="mobile/5kITXvov6Iv_80_P_0_0_937_1709_DX636_DY636_CX209_CY381.png" />
      <file href="mobile/5xnOutX8DsI_80_P_0_0_1414_1709_DX636_DY636_CX314_CY379.png" />
      <file href="meta.xml" />
      <file href="story_content/user.js" />
      <file href="mobile/Slide6SodCuR1Pvg.png" />
      <file href="mobile/txt__default_Down_6RDKCTBbOOP.png" />
      <file href="mobile/txt__default_Down_Visited_6RDKCTBbOOP.png" />
      <file href="mobile/txt__default_Hover_Down_6RDKCTBbOOP.png" />
      <file href="mobile/txt__default_Hover_Down_Visited_6RDKCTBbOOP.png" />
      <file href="mobile/txt__default_Down_5amtTfh9O5S.png" />
      <file href="mobile/txt__default_Down_Visited_5amtTfh9O5S.png" />
      <file href="mobile/txt__default_Hover_Down_5amtTfh9O5S.png" />
      <file href="mobile/txt__default_Hover_Down_Visited_5amtTfh9O5S.png" />
      <file href="mobile/txt__default_Down_6IpHt96qdG1.png" />
      <file href="mobile/txt__default_Hover_Down_6IpHt96qdG1.png" />
      <file href="mobile/txt__default_Down_6KF1QNA00kS.png" />
      <file href="mobile/txt__default_Hover_Down_6KF1QNA00kS.png" />
      <file href="mobile/txt__default_Down_5wvAjZMQhKn.png" />
      <file href="mobile/txt__default_Hover_Down_5wvAjZMQhKn.png" />
      <file href="mobile/Shape5xz59hCRYn5.png" />
      <file href="mobile/txt__default_Down_6APv6Pj2TmE.png" />
      <file href="mobile/txt__default_Hover_Down_6APv6Pj2TmE.png" />
      <file href="mobile/Shape61YXDD5DBRt.png" />
      <file href="mobile/Shape6gqHgsZK0LO.png" />
      <file href="mobile/txt__default_Down_5m9X7delMOp.png" />
      <file href="mobile/txt__default_Hover_Down_5m9X7delMOp.png" />
      <file href="mobile/txt__default_Down_5rBTxBIhnvW.png" />
      <file href="mobile/txt__default_Hover_Down_5rBTxBIhnvW.png" />
      <file href="mobile/txt__default_Down_62F5KgWi8GX.png" />
      <file href="mobile/txt__default_Hover_Down_62F5KgWi8GX.png" />
      <file href="mobile/txt__default_Down_60WhJYmNks1.png" />
      <file href="mobile/txt__default_Hover_Down_60WhJYmNks1.png" />
      <file href="mobile/Shape6nP2ts1NgHQ.png" />
      <file href="mobile/txt__default_Down_6HuPksAECTE.png" />
      <file href="mobile/txt__default_Hover_Down_6HuPksAECTE.png" />
      <file href="mobile/Shape5fwPDiEGwli.png" />
      <file href="mobile/Shape6WLJsrKLXSt.png" />
      <file href="mobile/txt__default_Down_6L6hfQ6TMUQ.png" />
      <file href="mobile/txt__default_Hover_Down_6L6hfQ6TMUQ.png" />
      <file href="mobile/txt__default_Down_5oir4VBDWjO.png" />
      <file href="mobile/txt__default_Hover_Down_5oir4VBDWjO.png" />
      <file href="mobile/txt__default_Down_5nYqVMjAlVU.png" />
      <file href="mobile/txt__default_Hover_Down_5nYqVMjAlVU.png" />
      <file href="mobile/txt__default_Down_63brHgv7ULh.png" />
      <file href="mobile/txt__default_Hover_Down_63brHgv7ULh.png" />
      <file href="mobile/txt__default_Down_5WEcdCRP9c3.png" />
      <file href="mobile/txt__default_Hover_Down_5WEcdCRP9c3.png" />
      <file href="mobile/txt__default_Down_5fwOTgNgp3h.png" />
      <file href="mobile/txt__default_Hover_Down_5fwOTgNgp3h.png" />
      <file href="mobile/txt__default_Down_5aXqevcGGqe.png" />
      <file href="mobile/txt__default_Hover_Down_5aXqevcGGqe.png" />
      <file href="mobile/Shape6COHXpunJE3.png" />
      <file href="mobile/txt__default_Down_6c52UOyPHhh.png" />
      <file href="mobile/txt__default_Hover_Down_6c52UOyPHhh.png" />
      <file href="mobile/Shape6oNtYbmFA70.png" />
      <file href="mobile/Shape6L0ypyhUZcF.png" />
      <file href="mobile/txt__default_Down_6pDaoFqF3M6.png" />
      <file href="mobile/txt__default_Hover_Down_6pDaoFqF3M6.png" />
      <file href="mobile/txt__default_Down_60KIvXEczoy.png" />
      <file href="mobile/txt__default_Hover_Down_60KIvXEczoy.png" />
      <file href="mobile/txt__default_Down_6XnTAurf8yJ.png" />
      <file href="mobile/txt__default_Hover_Down_6XnTAurf8yJ.png" />
      <file href="mobile/txt__default_Down_6WdGEMm8Hia.png" />
      <file href="mobile/txt__default_Hover_Down_6WdGEMm8Hia.png" />
      <file href="mobile/txt__default_Down_6KRVvKtpg6R.png" />
      <file href="mobile/txt__default_Hover_Down_6KRVvKtpg6R.png" />
      <file href="mobile/txt__default_Down_6HpdyPCXG6m.png" />
      <file href="mobile/txt__default_Hover_Down_6HpdyPCXG6m.png" />
      <file href="mobile/Shape6MnDJUSpxCf.png" />
      <file href="mobile/txt__default_Down_6gS8eT0Y83z.png" />
      <file href="mobile/txt__default_Hover_Down_6gS8eT0Y83z.png" />
      <file href="mobile/Shape6nUASDnlB9D.png" />
      <file href="mobile/Shape5vBOheiwFkU.png" />
      <file href="mobile/txt__default_Down_6ZalZ3TO60b.png" />
      <file href="mobile/txt__default_Hover_Down_6ZalZ3TO60b.png" />
      <file href="mobile/txt__default_Down_6HRP41VSTah.png" />
      <file href="mobile/txt__default_Hover_Down_6HRP41VSTah.png" />
      <file href="mobile/txt__default_Down_6DIsPHeRJuB.png" />
      <file href="mobile/txt__default_Hover_Down_6DIsPHeRJuB.png" />
      <file href="mobile/txt__default_Down_6kz6DGwXGdN.png" />
      <file href="mobile/txt__default_Hover_Down_6kz6DGwXGdN.png" />
      <file href="mobile/txt__default_Down_6XFrgdcEI8z.png" />
      <file href="mobile/txt__default_Hover_Down_6XFrgdcEI8z.png" />
      <file href="mobile/Shape5miPIdxdLbk.png" />
      <file href="mobile/txt__default_Down_5tsZbw9J15D.png" />
      <file href="mobile/txt__default_Hover_Down_5tsZbw9J15D.png" />
      <file href="mobile/Shape6aLMCsCFfSC.png" />
      <file href="mobile/Shape5bYGs1zuHJR.png" />
      <file href="mobile/txt__default_Down_6aLfaMc91IP.png" />
      <file href="mobile/txt__default_Hover_Down_6aLfaMc91IP.png" />
      <file href="mobile/Shape6YAfKKcg4jj.png" />
      <file href="mobile/Shape5pyAZFZVn1G.png" />
      <file href="mobile/txt__default_Down_6SXDNs57OVt.png" />
      <file href="mobile/txt__default_Hover_Down_6SXDNs57OVt.png" />
      <file href="mobile/Shape5lH0xOGgvjU.png" />
      <file href="mobile/txt__default_Down_5bQ1jsP85nV.png" />
      <file href="mobile/txt__default_Hover_Down_5bQ1jsP85nV.png" />
      <file href="mobile/txt__default_Down_68xfMbPwhlU.png" />
      <file href="mobile/txt__default_Hover_Down_68xfMbPwhlU.png" />
      <file href="mobile/txt__default_Down_5vEsKFqbBAQ.png" />
      <file href="mobile/txt__default_Hover_Down_5vEsKFqbBAQ.png" />
      <file href="mobile/txt__default_Down_6mLk6zyPBFX.png" />
      <file href="mobile/txt__default_Hover_Down_6mLk6zyPBFX.png" />
      <file href="mobile/txt__default_Down_6crv4w2m2w1.png" />
      <file href="mobile/txt__default_Hover_Down_6crv4w2m2w1.png" />
      <file href="mobile/Shape6PLp9CO1nMU.png" />
      <file href="mobile/txt__default_Down_5ugS71qm4iE.png" />
      <file href="mobile/txt__default_Hover_Down_5ugS71qm4iE.png" />
      <file href="mobile/Shape6dkrwmQF0Vf.png" />
      <file href="mobile/Shape5WdmUMINETx.png" />
      <file href="mobile/txt__default_Down_62h43PHIC73.png" />
      <file href="mobile/txt__default_Hover_Down_62h43PHIC73.png" />
      <file href="mobile/txt__default_Down_6Oakzip6scB.png" />
      <file href="mobile/txt__default_Hover_Down_6Oakzip6scB.png" />
      <file href="mobile/txt__default_Down_6DPMfrtadYt.png" />
      <file href="mobile/txt__default_Hover_Down_6DPMfrtadYt.png" />
      <file href="mobile/Shape623xzzSRJ6I.png" />
      <file href="mobile/txt__default_Down_5q44wjhp1xe.png" />
      <file href="mobile/txt__default_Hover_Down_5q44wjhp1xe.png" />
      <file href="mobile/Shape65zj1hJjvLN.png" />
      <file href="mobile/Shape6hFitKmFUu2.png" />
      <file href="mobile/txt__default_Down_5mbUXY0ztT8.png" />
      <file href="mobile/txt__default_Hover_Down_5mbUXY0ztT8.png" />
      <file href="mobile/txt__default_Down_6FjOS3Cog7h.png" />
      <file href="mobile/txt__default_Hover_Down_6FjOS3Cog7h.png" />
      <file href="mobile/txt__default_Down_5vvnVDU64MB.png" />
      <file href="mobile/txt__default_Hover_Down_5vvnVDU64MB.png" />
      <file href="html5/data/css/output.min.css" />
      <file href="html5/data/js/6jL2LrQ7ui1.js" />
      <file href="html5/data/js/data.js" />
      <file href="html5/data/js/frame.js" />
      <file href="html5/data/js/paths.js" />
      <file href="html5/lib/scripts/bootstrapper.min.js" />
      <file href="html5/lib/scripts/frame.desktop.min.js" />
      <file href="html5/lib/scripts/frame.mobile.min.js" />
      <file href="html5/lib/scripts/slides.min.js" />
      <file href="html5/lib/stylesheets/desktop.min.css" />
      <file href="html5/lib/stylesheets/mobile.min.css" />
      <file href="html5/lib/stylesheets/mobile-fonts/open-sans-bold.woff" />
      <file href="html5/lib/stylesheets/mobile-fonts/open-sans-light.woff" />
      <file href="html5/lib/stylesheets/mobile-fonts/open-sans-regular.woff" />
      <file href="analytics-frame.html" />
      <file href="story.html" />
      <file href="launcher.html" />
      <file href="story_content/external_window.png" />
      <file href="index_lms.html" />
      <file href="lms/AICCComm.html" />
      <file href="lms/blank.html" />
      <file href="lms/browsersniff.js" />
      <file href="lms/goodbye.html" />
      <file href="lms/scormdriver.js" />
    </resource>
  </resources>
</manifest>